<?xml version="1.0" encoding="UTF-8"?>
<addon id="plugin.video.pspcrstream"
       name="Stream Poslanecké sněmovny ČR"
       version="1.0.0"
       provider-name="Your Name">
  <requires>
    <import addon="xbmc.python" version="3.0.0"/>
  </requires>
  <extension point="xbmc.python.pluginsource"
             library="default.py">
    <provides>video</provides>
  </extension>
  <extension point="xbmc.addon.metadata">
    <summary lang="en_GB">Stream Poslanecké sněmovny ČR</summary>
    <description lang="en_GB">Tento doplněk umožňuje sledovat stream schůzí Poslanecké sněmovny ČR.</description>
    <platform>all</platform>
  </extension>
</addon>
